a,b,c,class,manhattan,resolution,links,age,tick,node_x,node_y,node_z,face,distance_squared,pace,asymptotic_pace
-5,-1,0,rest,6,565,39,57,58,0,26,32,face:-x,1125,0.588439,0.577588
-5,0,-1,rest,6,565,39,57,58,0,32,26,face:-x,1125,0.588439,0.577588
-5,0,1,rest,6,565,39,57,58,0,32,38,face:-x,1125,0.588439,0.577588
-5,1,0,rest,6,565,39,57,58,0,38,32,face:-x,1125,0.588439,0.577588
-4,-1,-1,rest,6,470,49,60,61,0,24,24,face:-x,1217,0.581425,0.577721
-4,-1,0,rest,5,457,41,58,59,0,24,32,face:-x,1153,0.585446,0.577415
-4,-1,1,rest,6,470,49,60,61,0,24,40,face:-x,1217,0.581425,0.577721
-4,0,-1,rest,5,457,41,58,59,0,32,24,face:-x,1153,0.585446,0.577415
-4,0,1,rest,5,457,41,58,59,0,32,40,face:-x,1153,0.585446,0.577415
-4,1,-1,rest,6,470,49,60,61,0,40,24,face:-x,1217,0.581425,0.577721
-4,1,0,rest,5,457,41,58,59,0,40,32,face:-x,1153,0.585446,0.577415
-4,1,1,rest,6,470,49,60,61,0,40,40,face:-x,1217,0.581425,0.577721
-3,-2,-1,rest,6,414,66,71,72,0,10,21,face:-x,1694,0.579693,0.57842
-3,-2,0,rest,5,399,55,68,69,0,10,32,face:-x,1573,0.583251,0.578334
-3,-2,1,rest,6,414,66,71,72,0,10,43,face:-x,1694,0.579693,0.57842
-3,-1,-2,rest,6,414,66,71,72,0,21,10,face:-x,1694,0.579693,0.57842
-3,-1,-1,rest,5,367,55,63,64,0,21,21,face:-x,1331,0.579093,0.578376
-3,-1,0,rest,4,350,44,60,61,0,21,32,face:-x,1210,0.579751,0.578245
-3,-1,1,rest,5,367,55,63,64,0,21,43,face:-x,1331,0.579093,0.578376
-3,-1,2,rest,6,414,66,71,72,0,21,54,face:-x,1694,0.579693,0.57842
-3,0,-2,rest,5,399,55,68,69,0,32,10,face:-x,1573,0.583251,0.578334
-3,0,-1,rest,4,350,44,60,61,0,32,21,face:-x,1210,0.579751,0.578245
-3,0,1,rest,4,350,44,60,61,0,32,43,face:-x,1210,0.579751,0.578245
-3,0,2,rest,5,399,55,68,69,0,32,54,face:-x,1573,0.583251,0.578334
-3,1,-2,rest,6,414,66,71,72,0,43,10,face:-x,1694,0.579693,0.57842
-3,1,-1,rest,5,367,55,63,64,0,43,21,face:-x,1331,0.579093,0.578376
-3,1,0,rest,4,350,44,60,61,0,43,32,face:-x,1210,0.579751,0.578245
-3,1,1,rest,5,367,55,63,64,0,43,43,face:-x,1331,0.579093,0.578376
-3,1,2,rest,6,414,66,71,72,0,43,54,face:-x,1694,0.579693,0.57842
-3,2,-1,rest,6,414,66,71,72,0,54,21,face:-x,1694,0.579693,0.57842
-3,2,0,rest,5,399,55,68,69,0,54,32,face:-x,1573,0.583251,0.578334
-3,2,1,rest,6,414,66,71,72,0,54,43,face:-x,1694,0.579693,0.57842
-2,-3,-1,rest,6,414,66,71,72,10,0,21,face:-y,1694,0.579693,0.57842
-2,-3,0,rest,5,399,55,68,69,10,0,32,face:-y,1573,0.583251,0.578334
-2,-3,1,rest,6,414,66,71,72,10,0,43,face:-y,1694,0.579693,0.57842
-2,-2,-1,rest,5,332,81,84,85,0,0,16,face:-x,2369,0.579433,0.578313
-2,-2,1,rest,5,332,81,84,85,0,0,48,face:-x,2369,0.579433,0.578313
-2,-1,-3,rest,6,414,66,71,72,10,21,0,face:-z,1694,0.579693,0.57842
-2,-1,-2,rest,5,332,81,84,85,0,16,0,face:-x,2369,0.579433,0.578313
-2,-1,-1,rest,4,271,65,69,70,0,16,16,face:-x,1601,0.579891,0.578477
-2,-1,0,rest,3,247,49,63,64,0,16,32,face:-x,1345,0.582131,0.579386
-2,-1,1,rest,4,271,65,69,70,0,16,48,face:-x,1601,0.579891,0.578477
-2,-1,2,rest,5,332,81,84,85,0,16,64,face:-x,2369,0.579433,0.578313
-2,-1,3,rest,6,414,66,71,72,10,21,64,face:+z,1694,0.579693,0.57842
-2,0,-3,rest,5,399,55,68,69,10,32,0,face:-z,1573,0.583251,0.578334
-2,0,-1,rest,3,247,49,63,64,0,32,16,face:-x,1345,0.582131,0.579386
-2,0,1,rest,3,247,49,63,64,0,32,48,face:-x,1345,0.582131,0.579386
-2,0,3,rest,5,399,55,68,69,10,32,64,face:+z,1573,0.583251,0.578334
-2,1,-3,rest,6,414,66,71,72,10,43,0,face:-z,1694,0.579693,0.57842
-2,1,-2,rest,5,332,81,84,85,0,48,0,face:-x,2369,0.579433,0.578313
-2,1,-1,rest,4,271,65,69,70,0,48,16,face:-x,1601,0.579891,0.578477
-2,1,0,rest,3,247,49,63,64,0,48,32,face:-x,1345,0.582131,0.579386
-2,1,1,rest,4,271,65,69,70,0,48,48,face:-x,1601,0.579891,0.578477
-2,1,2,rest,5,332,81,84,85,0,48,64,face:-x,2369,0.579433,0.578313
-2,1,3,rest,6,414,66,71,72,10,43,64,face:+z,1694,0.579693,0.57842
-2,2,-1,rest,5,332,81,84,85,0,64,16,face:-x,2369,0.579433,0.578313
-2,2,1,rest,5,332,81,84,85,0,64,48,face:-x,2369,0.579433,0.578313
-2,3,-1,rest,6,414,66,71,72,10,64,21,face:+y,1694,0.579693,0.57842
-2,3,0,rest,5,399,55,68,69,10,64,32,face:+y,1573,0.583251,0.578334
-2,3,1,rest,6,414,66,71,72,10,64,43,face:+y,1694,0.579693,0.57842
-1,-5,0,rest,6,565,40,59,60,25,0,32,face:-y,1138,0.571767,0.577588
-1,-4,-1,rest,6,470,49,60,61,24,0,24,face:-y,1217,0.581425,0.577721
-1,-4,0,rest,5,457,41,58,59,24,0,32,face:-y,1153,0.585446,0.577415
-1,-4,1,rest,6,470,49,60,61,24,0,40,face:-y,1217,0.581425,0.577721
-1,-3,-2,rest,6,414,66,71,72,21,0,10,face:-y,1694,0.579693,0.57842
-1,-3,-1,rest,5,367,55,63,64,21,0,21,face:-y,1331,0.579093,0.578376
-1,-3,0,rest,4,350,44,60,61,21,0,32,face:-y,1210,0.579751,0.578245
-1,-3,1,rest,5,367,55,63,64,21,0,43,face:-y,1331,0.579093,0.578376
-1,-3,2,rest,6,414,66,71,72,21,0,54,face:-y,1694,0.579693,0.57842
-1,-2,-3,rest,6,414,66,71,72,21,10,0,face:-z,1694,0.579693,0.57842
-1,-2,-2,rest,5,332,81,84,85,16,0,0,face:-y,2369,0.579433,0.578313
-1,-2,-1,rest,4,271,65,69,70,16,0,16,face:-y,1601,0.579891,0.578477
-1,-2,0,rest,3,247,49,63,64,16,0,32,face:-y,1345,0.582131,0.579386
-1,-2,1,rest,4,271,65,69,70,16,0,48,face:-y,1601,0.579891,0.578477
-1,-2,2,rest,5,332,81,84,85,16,0,64,face:-y,2369,0.579433,0.578313
-1,-2,3,rest,6,414,66,71,72,21,10,64,face:+z,1694,0.579693,0.57842
-1,-1,-4,rest,6,470,49,60,61,24,24,0,face:-z,1217,0.581425,0.577721
-1,-1,-3,rest,5,367,55,63,64,21,21,0,face:-z,1331,0.579093,0.578376
-1,-1,-2,rest,4,271,65,69,70,16,16,0,face:-z,1601,0.579891,0.578477
-1,-1,-1,body_diagonals,3,192,97,97,98,0,0,0,face:-x,3137,0.577412,0.57735
-1,-1,0,face_diagonals,2,156,65,79,80,0,0,32,face:-x,2113,0.581866,0.58019
-1,-1,1,body_diagonals,3,192,97,97,98,0,0,64,face:-x,3137,0.577412,0.57735
-1,-1,2,rest,4,271,65,69,70,16,16,64,face:+z,1601,0.579891,0.578477
-1,-1,3,rest,5,367,55,63,64,21,21,64,face:+z,1331,0.579093,0.578376
-1,-1,4,rest,6,470,49,60,61,24,24,64,face:+z,1217,0.581425,0.577721
-1,0,-5,rest,6,565,40,59,60,25,32,0,face:-z,1138,0.571767,0.577588
-1,0,-4,rest,5,457,41,58,59,24,32,0,face:-z,1153,0.585446,0.577415
-1,0,-3,rest,4,350,44,60,61,21,32,0,face:-z,1210,0.579751,0.578245
-1,0,-2,rest,3,247,49,63,64,16,32,0,face:-z,1345,0.582131,0.579386
-1,0,-1,face_diagonals,2,156,65,79,80,0,32,0,face:-x,2113,0.581866,0.58019
-1,0,0,axes,1,110,33,56,57,0,32,32,face:-x,1089,0.589286,0.581818
-1,0,1,face_diagonals,2,156,65,79,80,0,32,64,face:-x,2113,0.581866,0.58019
-1,0,2,rest,3,247,49,63,64,16,32,64,face:+z,1345,0.582131,0.579386
-1,0,3,rest,4,350,44,60,61,21,32,64,face:+z,1210,0.579751,0.578245
-1,0,4,rest,5,457,41,58,59,24,32,64,face:+z,1153,0.585446,0.577415
-1,0,5,rest,6,565,40,59,60,25,32,64,face:+z,1138,0.571767,0.577588
-1,1,-4,rest,6,470,49,60,61,24,40,0,face:-z,1217,0.581425,0.577721
-1,1,-3,rest,5,367,55,63,64,21,43,0,face:-z,1331,0.579093,0.578376
-1,1,-2,rest,4,271,65,69,70,16,48,0,face:-z,1601,0.579891,0.578477
-1,1,-1,body_diagonals,3,192,97,97,98,0,64,0,face:-x,3137,0.577412,0.57735
-1,1,0,face_diagonals,2,156,65,79,80,0,64,32,face:-x,2113,0.581866,0.58019
-1,1,1,body_diagonals,3,192,97,97,98,0,64,64,face:-x,3137,0.577412,0.57735
-1,1,2,rest,4,271,65,69,70,16,48,64,face:+z,1601,0.579891,0.578477
-1,1,3,rest,5,367,55,63,64,21,43,64,face:+z,1331,0.579093,0.578376
-1,1,4,rest,6,470,49,60,61,24,40,64,face:+z,1217,0.581425,0.577721
-1,2,-3,rest,6,414,66,71,72,21,54,0,face:-z,1694,0.579693,0.57842
-1,2,-2,rest,5,332,81,84,85,16,64,0,face:+y,2369,0.579433,0.578313
-1,2,-1,rest,4,271,65,69,70,16,64,16,face:+y,1601,0.579891,0.578477
-1,2,0,rest,3,247,49,63,64,16,64,32,face:+y,1345,0.582131,0.579386
-1,2,1,rest,4,271,65,69,70,16,64,48,face:+y,1601,0.579891,0.578477
-1,2,2,rest,5,332,81,84,85,16,64,64,face:+y,2369,0.579433,0.578313
-1,2,3,rest,6,414,66,71,72,21,54,64,face:+z,1694,0.579693,0.57842
-1,3,-2,rest,6,414,66,71,72,21,64,10,face:+y,1694,0.579693,0.57842
-1,3,-1,rest,5,367,55,63,64,21,64,21,face:+y,1331,0.579093,0.578376
-1,3,0,rest,4,350,44,60,61,21,64,32,face:+y,1210,0.579751,0.578245
-1,3,1,rest,5,367,55,63,64,21,64,43,face:+y,1331,0.579093,0.578376
-1,3,2,rest,6,414,66,71,72,21,64,54,face:+y,1694,0.579693,0.57842
-1,4,-1,rest,6,470,49,60,61,24,64,24,face:+y,1217,0.581425,0.577721
-1,4,0,rest,5,457,41,58,59,24,64,32,face:+y,1153,0.585446,0.577415
-1,4,1,rest,6,470,49,60,61,24,64,40,face:+y,1217,0.581425,0.577721
-1,5,0,rest,6,565,40,59,60,25,64,32,face:+y,1138,0.571767,0.577588
0,-5,-1,rest,6,565,39,57,58,32,0,26,face:-y,1125,0.588439,0.577588
0,-5,1,rest,6,565,39,57,58,32,0,38,face:-y,1125,0.588439,0.577588
0,-4,-1,rest,5,457,41,58,59,32,0,24,face:-y,1153,0.585446,0.577415
0,-4,1,rest,5,457,41,58,59,32,0,40,face:-y,1153,0.585446,0.577415
0,-3,-2,rest,5,399,55,68,69,32,0,10,face:-y,1573,0.583251,0.578334
0,-3,-1,rest,4,350,44,60,61,32,0,21,face:-y,1210,0.579751,0.578245
0,-3,1,rest,4,350,44,60,61,32,0,43,face:-y,1210,0.579751,0.578245
0,-3,2,rest,5,399,55,68,69,32,0,54,face:-y,1573,0.583251,0.578334
0,-2,-3,rest,5,399,55,68,69,32,10,0,face:-z,1573,0.583251,0.578334
0,-2,-1,rest,3,247,49,63,64,32,0,16,face:-y,1345,0.582131,0.579386
0,-2,1,rest,3,247,49,63,64,32,0,48,face:-y,1345,0.582131,0.579386
0,-2,3,rest,5,399,55,68,69,32,10,64,face:+z,1573,0.583251,0.578334
0,-1,-5,rest,6,565,40,59,60,32,25,0,face:-z,1138,0.571767,0.577588
0,-1,-4,rest,5,457,41,58,59,32,24,0,face:-z,1153,0.585446,0.577415
0,-1,-3,rest,4,350,44,60,61,32,21,0,face:-z,1210,0.579751,0.578245
0,-1,-2,rest,3,247,49,63,64,32,16,0,face:-z,1345,0.582131,0.579386
0,-1,-1,face_diagonals,2,156,65,79,80,32,0,0,face:-y,2113,0.581866,0.58019
0,-1,0,axes,1,110,33,56,57,32,0,32,face:-y,1089,0.589286,0.581818
0,-1,1,face_diagonals,2,156,65,79,80,32,0,64,face:-y,2113,0.581866,0.58019
0,-1,2,rest,3,247,49,63,64,32,16,64,face:+z,1345,0.582131,0.579386
0,-1,3,rest,4,350,44,60,61,32,21,64,face:+z,1210,0.579751,0.578245
0,-1,4,rest,5,457,41,58,59,32,24,64,face:+z,1153,0.585446,0.577415
0,-1,5,rest,6,565,40,59,60,32,25,64,face:+z,1138,0.571767,0.577588
0,0,-1,axes,1,110,33,56,57,32,32,0,face:-z,1089,0.589286,0.581818
0,0,1,axes,1,110,33,56,57,32,32,64,face:+z,1089,0.589286,0.581818
0,1,-5,rest,6,565,40,59,60,32,39,0,face:-z,1138,0.571767,0.577588
0,1,-4,rest,5,457,41,58,59,32,40,0,face:-z,1153,0.585446,0.577415
0,1,-3,rest,4,350,44,60,61,32,43,0,face:-z,1210,0.579751,0.578245
0,1,-2,rest,3,247,49,63,64,32,48,0,face:-z,1345,0.582131,0.579386
0,1,-1,face_diagonals,2,156,65,79,80,32,64,0,face:+y,2113,0.581866,0.58019
0,1,0,axes,1,110,33,56,57,32,64,32,face:+y,1089,0.589286,0.581818
0,1,1,face_diagonals,2,156,65,79,80,32,64,64,face:+y,2113,0.581866,0.58019
0,1,2,rest,3,247,49,63,64,32,48,64,face:+z,1345,0.582131,0.579386
0,1,3,rest,4,350,44,60,61,32,43,64,face:+z,1210,0.579751,0.578245
0,1,4,rest,5,457,41,58,59,32,40,64,face:+z,1153,0.585446,0.577415
0,1,5,rest,6,565,40,59,60,32,39,64,face:+z,1138,0.571767,0.577588
0,2,-3,rest,5,399,55,68,69,32,54,0,face:-z,1573,0.583251,0.578334
0,2,-1,rest,3,247,49,63,64,32,64,16,face:+y,1345,0.582131,0.579386
0,2,1,rest,3,247,49,63,64,32,64,48,face:+y,1345,0.582131,0.579386
0,2,3,rest,5,399,55,68,69,32,54,64,face:+z,1573,0.583251,0.578334
0,3,-2,rest,5,399,55,68,69,32,64,10,face:+y,1573,0.583251,0.578334
0,3,-1,rest,4,350,44,60,61,32,64,21,face:+y,1210,0.579751,0.578245
0,3,1,rest,4,350,44,60,61,32,64,43,face:+y,1210,0.579751,0.578245
0,3,2,rest,5,399,55,68,69,32,64,54,face:+y,1573,0.583251,0.578334
0,4,-1,rest,5,457,41,58,59,32,64,24,face:+y,1153,0.585446,0.577415
0,4,1,rest,5,457,41,58,59,32,64,40,face:+y,1153,0.585446,0.577415
0,5,-1,rest,6,565,39,57,58,32,64,26,face:+y,1125,0.588439,0.577588
0,5,1,rest,6,565,39,57,58,32,64,38,face:+y,1125,0.588439,0.577588
1,-5,0,rest,6,565,40,59,60,39,0,32,face:-y,1138,0.571767,0.577588
1,-4,-1,rest,6,470,49,60,61,40,0,24,face:-y,1217,0.581425,0.577721
1,-4,0,rest,5,457,41,58,59,40,0,32,face:-y,1153,0.585446,0.577415
1,-4,1,rest,6,470,49,60,61,40,0,40,face:-y,1217,0.581425,0.577721
1,-3,-2,rest,6,414,66,71,72,43,0,10,face:-y,1694,0.579693,0.57842
1,-3,-1,rest,5,367,55,63,64,43,0,21,face:-y,1331,0.579093,0.578376
1,-3,0,rest,4,350,44,60,61,43,0,32,face:-y,1210,0.579751,0.578245
1,-3,1,rest,5,367,55,63,64,43,0,43,face:-y,1331,0.579093,0.578376
1,-3,2,rest,6,414,66,71,72,43,0,54,face:-y,1694,0.579693,0.57842
1,-2,-3,rest,6,414,66,71,72,43,10,0,face:-z,1694,0.579693,0.57842
1,-2,-2,rest,5,332,81,84,85,48,0,0,face:-y,2369,0.579433,0.578313
1,-2,-1,rest,4,271,65,69,70,48,0,16,face:-y,1601,0.579891,0.578477
1,-2,0,rest,3,247,49,63,64,48,0,32,face:-y,1345,0.582131,0.579386
1,-2,1,rest,4,271,65,69,70,48,0,48,face:-y,1601,0.579891,0.578477
1,-2,2,rest,5,332,81,84,85,48,0,64,face:-y,2369,0.579433,0.578313
1,-2,3,rest,6,414,66,71,72,43,10,64,face:+z,1694,0.579693,0.57842
1,-1,-4,rest,6,470,49,60,61,40,24,0,face:-z,1217,0.581425,0.577721
1,-1,-3,rest,5,367,55,63,64,43,21,0,face:-z,1331,0.579093,0.578376
1,-1,-2,rest,4,271,65,69,70,48,16,0,face:-z,1601,0.579891,0.578477
1,-1,-1,body_diagonals,3,192,97,97,98,64,0,0,face:+x,3137,0.577412,0.57735
1,-1,0,face_diagonals,2,156,65,79,80,64,0,32,face:+x,2113,0.581866,0.58019
1,-1,1,body_diagonals,3,192,97,97,98,64,0,64,face:+x,3137,0.577412,0.57735
1,-1,2,rest,4,271,65,69,70,48,16,64,face:+z,1601,0.579891,0.578477
1,-1,3,rest,5,367,55,63,64,43,21,64,face:+z,1331,0.579093,0.578376
1,-1,4,rest,6,470,49,60,61,40,24,64,face:+z,1217,0.581425,0.577721
1,0,-5,rest,6,565,40,59,60,39,32,0,face:-z,1138,0.571767,0.577588
1,0,-4,rest,5,457,41,58,59,40,32,0,face:-z,1153,0.585446,0.577415
1,0,-3,rest,4,350,44,60,61,43,32,0,face:-z,1210,0.579751,0.578245
1,0,-2,rest,3,247,49,63,64,48,32,0,face:-z,1345,0.582131,0.579386
1,0,-1,face_diagonals,2,156,65,79,80,64,32,0,face:+x,2113,0.581866,0.58019
1,0,0,axes,1,110,33,56,57,64,32,32,face:+x,1089,0.589286,0.581818
1,0,1,face_diagonals,2,156,65,79,80,64,32,64,face:+x,2113,0.581866,0.58019
1,0,2,rest,3,247,49,63,64,48,32,64,face:+z,1345,0.582131,0.579386
1,0,3,rest,4,350,44,60,61,43,32,64,face:+z,1210,0.579751,0.578245
1,0,4,rest,5,457,41,58,59,40,32,64,face:+z,1153,0.585446,0.577415
1,0,5,rest,6,565,40,59,60,39,32,64,face:+z,1138,0.571767,0.577588
1,1,-4,rest,6,470,49,60,61,40,40,0,face:-z,1217,0.581425,0.577721
1,1,-3,rest,5,367,55,63,64,43,43,0,face:-z,1331,0.579093,0.578376
1,1,-2,rest,4,271,65,69,70,48,48,0,face:-z,1601,0.579891,0.578477
1,1,-1,body_diagonals,3,192,97,97,98,64,64,0,face:+x,3137,0.577412,0.57735
1,1,0,face_diagonals,2,156,65,79,80,64,64,32,face:+x,2113,0.581866,0.58019
1,1,1,body_diagonals,3,192,97,97,98,64,64,64,face:+x,3137,0.577412,0.57735
1,1,2,rest,4,271,65,69,70,48,48,64,face:+z,1601,0.579891,0.578477
1,1,3,rest,5,367,55,63,64,43,43,64,face:+z,1331,0.579093,0.578376
1,1,4,rest,6,470,49,60,61,40,40,64,face:+z,1217,0.581425,0.577721
1,2,-3,rest,6,414,66,71,72,43,54,0,face:-z,1694,0.579693,0.57842
1,2,-2,rest,5,332,81,84,85,48,64,0,face:+y,2369,0.579433,0.578313
1,2,-1,rest,4,271,65,69,70,48,64,16,face:+y,1601,0.579891,0.578477
1,2,0,rest,3,247,49,63,64,48,64,32,face:+y,1345,0.582131,0.579386
1,2,1,rest,4,271,65,69,70,48,64,48,face:+y,1601,0.579891,0.578477
1,2,2,rest,5,332,81,84,85,48,64,64,face:+y,2369,0.579433,0.578313
1,2,3,rest,6,414,66,71,72,43,54,64,face:+z,1694,0.579693,0.57842
1,3,-2,rest,6,414,66,71,72,43,64,10,face:+y,1694,0.579693,0.57842
1,3,-1,rest,5,367,55,63,64,43,64,21,face:+y,1331,0.579093,0.578376
1,3,0,rest,4,350,44,60,61,43,64,32,face:+y,1210,0.579751,0.578245
1,3,1,rest,5,367,55,63,64,43,64,43,face:+y,1331,0.579093,0.578376
1,3,2,rest,6,414,66,71,72,43,64,54,face:+y,1694,0.579693,0.57842
1,4,-1,rest,6,470,49,60,61,40,64,24,face:+y,1217,0.581425,0.577721
1,4,0,rest,5,457,41,58,59,40,64,32,face:+y,1153,0.585446,0.577415
1,4,1,rest,6,470,49,60,61,40,64,40,face:+y,1217,0.581425,0.577721
1,5,0,rest,6,565,40,59,60,39,64,32,face:+y,1138,0.571767,0.577588
2,-3,-1,rest,6,414,66,71,72,54,0,21,face:-y,1694,0.579693,0.57842
2,-3,0,rest,5,399,55,68,69,54,0,32,face:-y,1573,0.583251,0.578334
2,-3,1,rest,6,414,66,71,72,54,0,43,face:-y,1694,0.579693,0.57842
2,-2,-1,rest,5,332,81,84,85,64,0,16,face:+x,2369,0.579433,0.578313
2,-2,1,rest,5,332,81,84,85,64,0,48,face:+x,2369,0.579433,0.578313
2,-1,-3,rest,6,414,66,71,72,54,21,0,face:-z,1694,0.579693,0.57842
2,-1,-2,rest,5,332,81,84,85,64,16,0,face:+x,2369,0.579433,0.578313
2,-1,-1,rest,4,271,65,69,70,64,16,16,face:+x,1601,0.579891,0.578477
2,-1,0,rest,3,247,49,63,64,64,16,32,face:+x,1345,0.582131,0.579386
2,-1,1,rest,4,271,65,69,70,64,16,48,face:+x,1601,0.579891,0.578477
2,-1,2,rest,5,332,81,84,85,64,16,64,face:+x,2369,0.579433,0.578313
2,-1,3,rest,6,414,66,71,72,54,21,64,face:+z,1694,0.579693,0.57842
2,0,-3,rest,5,399,55,68,69,54,32,0,face:-z,1573,0.583251,0.578334
2,0,-1,rest,3,247,49,63,64,64,32,16,face:+x,1345,0.582131,0.579386
2,0,1,rest,3,247,49,63,64,64,32,48,face:+x,1345,0.582131,0.579386
2,0,3,rest,5,399,55,68,69,54,32,64,face:+z,1573,0.583251,0.578334
2,1,-3,rest,6,414,66,71,72,54,43,0,face:-z,1694,0.579693,0.57842
2,1,-2,rest,5,332,81,84,85,64,48,0,face:+x,2369,0.579433,0.578313
2,1,-1,rest,4,271,65,69,70,64,48,16,face:+x,1601,0.579891,0.578477
2,1,0,rest,3,247,49,63,64,64,48,32,face:+x,1345,0.582131,0.579386
2,1,1,rest,4,271,65,69,70,64,48,48,face:+x,1601,0.579891,0.578477
2,1,2,rest,5,332,81,84,85,64,48,64,face:+x,2369,0.579433,0.578313
2,1,3,rest,6,414,66,71,72,54,43,64,face:+z,1694,0.579693,0.57842
2,2,-1,rest,5,332,81,84,85,64,64,16,face:+x,2369,0.579433,0.578313
2,2,1,rest,5,332,81,84,85,64,64,48,face:+x,2369,0.579433,0.578313
2,3,-1,rest,6,414,66,71,72,54,64,21,face:+y,1694,0.579693,0.57842
2,3,0,rest,5,399,55,68,69,54,64,32,face:+y,1573,0.583251,0.578334
2,3,1,rest,6,414,66,71,72,54,64,43,face:+y,1694,0.579693,0.57842
3,-2,-1,rest,6,414,66,71,72,64,10,21,face:+x,1694,0.579693,0.57842
3,-2,0,rest,5,399,55,68,69,64,10,32,face:+x,1573,0.583251,0.578334
3,-2,1,rest,6,414,66,71,72,64,10,43,face:+x,1694,0.579693,0.57842
3,-1,-2,rest,6,414,66,71,72,64,21,10,face:+x,1694,0.579693,0.57842
3,-1,-1,rest,5,367,55,63,64,64,21,21,face:+x,1331,0.579093,0.578376
3,-1,0,rest,4,350,44,60,61,64,21,32,face:+x,1210,0.579751,0.578245
3,-1,1,rest,5,367,55,63,64,64,21,43,face:+x,1331,0.579093,0.578376
3,-1,2,rest,6,414,66,71,72,64,21,54,face:+x,1694,0.579693,0.57842
3,0,-2,rest,5,399,55,68,69,64,32,10,face:+x,1573,0.583251,0.578334
3,0,-1,rest,4,350,44,60,61,64,32,21,face:+x,1210,0.579751,0.578245
3,0,1,rest,4,350,44,60,61,64,32,43,face:+x,1210,0.579751,0.578245
3,0,2,rest,5,399,55,68,69,64,32,54,face:+x,1573,0.583251,0.578334
3,1,-2,rest,6,414,66,71,72,64,43,10,face:+x,1694,0.579693,0.57842
3,1,-1,rest,5,367,55,63,64,64,43,21,face:+x,1331,0.579093,0.578376
3,1,0,rest,4,350,44,60,61,64,43,32,face:+x,1210,0.579751,0.578245
3,1,1,rest,5,367,55,63,64,64,43,43,face:+x,1331,0.579093,0.578376
3,1,2,rest,6,414,66,71,72,64,43,54,face:+x,1694,0.579693,0.57842
3,2,-1,rest,6,414,66,71,72,64,54,21,face:+x,1694,0.579693,0.57842
3,2,0,rest,5,399,55,68,69,64,54,32,face:+x,1573,0.583251,0.578334
3,2,1,rest,6,414,66,71,72,64,54,43,face:+x,1694,0.579693,0.57842
4,-1,-1,rest,6,470,49,60,61,64,24,24,face:+x,1217,0.581425,0.577721
4,-1,0,rest,5,457,41,58,59,64,24,32,face:+x,1153,0.585446,0.577415
4,-1,1,rest,6,470,49,60,61,64,24,40,face:+x,1217,0.581425,0.577721
4,0,-1,rest,5,457,41,58,59,64,32,24,face:+x,1153,0.585446,0.577415
4,0,1,rest,5,457,41,58,59,64,32,40,face:+x,1153,0.585446,0.577415
4,1,-1,rest,6,470,49,60,61,64,40,24,face:+x,1217,0.581425,0.577721
4,1,0,rest,5,457,41,58,59,64,40,32,face:+x,1153,0.585446,0.577415
4,1,1,rest,6,470,49,60,61,64,40,40,face:+x,1217,0.581425,0.577721
5,-1,0,rest,6,565,39,57,58,64,26,32,face:+x,1125,0.588439,0.577588
5,0,-1,rest,6,565,39,57,58,64,32,26,face:+x,1125,0.588439,0.577588
5,0,1,rest,6,565,39,57,58,64,32,38,face:+x,1125,0.588439,0.577588
5,1,0,rest,6,565,39,57,58,64,38,32,face:+x,1125,0.588439,0.577588
